"id","location","gender","age","native_language"
"51760","Maryland/United States","Woman","20","English"
"51732","Maryland%2C USA","Female","19","English"
"51460","Maryland%2C USA","Gender","18","English"
"51739","MD","female","19","English"
"22830","Maryland%2C USA","Male","19","English"
"22833","United States","Male","21","English"
"51545","MD","Male","20","Vietnamese"
"51387","Maryland/United States","Female","19","English"
"51566","Maryland/USA","Male","20","English"
"51496","Maryland","Female","18","English"
"51636","Maryland%2C United States of America","Male","20","English"
"51326","Maryland%2C USA","Female","18","English"
"51561","Maryland","Female","19","English"
"51733","Maryland","Male","21","English"
"51551","maryland/ United states of america ","female ","18","english "
"51263","Maryland%2C United States","Female","18","English"
"51489","MD/USA","Male","18","English"
